-- --------------------------------------------------------
-- Hôte:                         127.0.0.1
-- Version du serveur:           8.0.30 - MySQL Community Server - GPL
-- SE du serveur:                Win64
-- HeidiSQL Version:             12.1.0.6537
-- --------------------------------------------------------

/*!40101 SET @OLD_CHARACTER_SET_CLIENT=@@CHARACTER_SET_CLIENT */;
/*!40101 SET NAMES utf8 */;
/*!50503 SET NAMES utf8mb4 */;
/*!40103 SET @OLD_TIME_ZONE=@@TIME_ZONE */;
/*!40103 SET TIME_ZONE='+00:00' */;
/*!40014 SET @OLD_FOREIGN_KEY_CHECKS=@@FOREIGN_KEY_CHECKS, FOREIGN_KEY_CHECKS=0 */;
/*!40101 SET @OLD_SQL_MODE=@@SQL_MODE, SQL_MODE='NO_AUTO_VALUE_ON_ZERO' */;
/*!40111 SET @OLD_SQL_NOTES=@@SQL_NOTES, SQL_NOTES=0 */;


-- Listage de la structure de la base pour projetsession
CREATE DATABASE IF NOT EXISTS `projetsession` /*!40100 DEFAULT CHARACTER SET utf8mb4 COLLATE utf8mb4_0900_ai_ci */ /*!80016 DEFAULT ENCRYPTION='N' */;
USE `projetsession`;

-- Listage de la structure de table projetsession. categorie
CREATE TABLE IF NOT EXISTS `categorie` (
  `id` int NOT NULL AUTO_INCREMENT,
  `nom` varchar(50) CHARACTER SET utf8mb4 COLLATE utf8mb4_unicode_ci NOT NULL,
  PRIMARY KEY (`id`),
  UNIQUE KEY `UNIQ_497DD6346C6E55B5` (`nom`)
) ENGINE=InnoDB AUTO_INCREMENT=18 DEFAULT CHARSET=utf8mb4 COLLATE=utf8mb4_unicode_ci;

-- Listage des données de la table projetsession.categorie : ~6 rows (environ)
INSERT INTO `categorie` (`id`, `nom`) VALUES
	(16, 'Bureautique'),
	(17, 'couture'),
	(1, 'Informatique'),
	(3, 'Management'),
	(15, 'Musique'),
	(2, 'Vente');

-- Listage de la structure de table projetsession. doctrine_migration_versions
CREATE TABLE IF NOT EXISTS `doctrine_migration_versions` (
  `version` varchar(191) CHARACTER SET utf8mb3 COLLATE utf8mb3_unicode_ci NOT NULL,
  `executed_at` datetime DEFAULT NULL,
  `execution_time` int DEFAULT NULL,
  PRIMARY KEY (`version`)
) ENGINE=InnoDB DEFAULT CHARSET=utf8mb3 COLLATE=utf8mb3_unicode_ci;

-- Listage des données de la table projetsession.doctrine_migration_versions : ~1 rows (environ)
INSERT INTO `doctrine_migration_versions` (`version`, `executed_at`, `execution_time`) VALUES
	('DoctrineMigrations\\Version20230518152001', '2023-05-18 15:20:18', 176);

-- Listage de la structure de table projetsession. formateur
CREATE TABLE IF NOT EXISTS `formateur` (
  `id` int NOT NULL AUTO_INCREMENT,
  `nom` varchar(50) COLLATE utf8mb4_unicode_ci NOT NULL,
  `prenom` varchar(50) COLLATE utf8mb4_unicode_ci NOT NULL,
  PRIMARY KEY (`id`)
) ENGINE=InnoDB AUTO_INCREMENT=3 DEFAULT CHARSET=utf8mb4 COLLATE=utf8mb4_unicode_ci;

-- Listage des données de la table projetsession.formateur : ~2 rows (environ)
INSERT INTO `formateur` (`id`, `nom`, `prenom`) VALUES
	(1, 'Exemple', 'Formateur'),
	(2, 'Ratif', 'Luc');

-- Listage de la structure de table projetsession. messenger_messages
CREATE TABLE IF NOT EXISTS `messenger_messages` (
  `id` bigint NOT NULL AUTO_INCREMENT,
  `body` longtext CHARACTER SET utf8mb4 COLLATE utf8mb4_unicode_ci NOT NULL,
  `headers` longtext CHARACTER SET utf8mb4 COLLATE utf8mb4_unicode_ci NOT NULL,
  `queue_name` varchar(190) CHARACTER SET utf8mb4 COLLATE utf8mb4_unicode_ci NOT NULL,
  `created_at` datetime NOT NULL,
  `available_at` datetime NOT NULL,
  `delivered_at` datetime DEFAULT NULL,
  PRIMARY KEY (`id`),
  KEY `IDX_75EA56E0FB7336F0` (`queue_name`),
  KEY `IDX_75EA56E0E3BD61CE` (`available_at`),
  KEY `IDX_75EA56E016BA31DB` (`delivered_at`)
) ENGINE=InnoDB AUTO_INCREMENT=4 DEFAULT CHARSET=utf8mb4 COLLATE=utf8mb4_unicode_ci;

-- Listage des données de la table projetsession.messenger_messages : ~3 rows (environ)
INSERT INTO `messenger_messages` (`id`, `body`, `headers`, `queue_name`, `created_at`, `available_at`, `delivered_at`) VALUES
	(1, 'O:36:\\"Symfony\\\\Component\\\\Messenger\\\\Envelope\\":2:{s:44:\\"\\0Symfony\\\\Component\\\\Messenger\\\\Envelope\\0stamps\\";a:1:{s:46:\\"Symfony\\\\Component\\\\Messenger\\\\Stamp\\\\BusNameStamp\\";a:1:{i:0;O:46:\\"Symfony\\\\Component\\\\Messenger\\\\Stamp\\\\BusNameStamp\\":1:{s:55:\\"\\0Symfony\\\\Component\\\\Messenger\\\\Stamp\\\\BusNameStamp\\0busName\\";s:21:\\"messenger.bus.default\\";}}}s:45:\\"\\0Symfony\\\\Component\\\\Messenger\\\\Envelope\\0message\\";O:51:\\"Symfony\\\\Component\\\\Mailer\\\\Messenger\\\\SendEmailMessage\\":2:{s:60:\\"\\0Symfony\\\\Component\\\\Mailer\\\\Messenger\\\\SendEmailMessage\\0message\\";O:39:\\"Symfony\\\\Bridge\\\\Twig\\\\Mime\\\\TemplatedEmail\\":4:{i:0;s:41:\\"registration/confirmation_email.html.twig\\";i:1;N;i:2;a:3:{s:9:\\"signedUrl\\";s:169:\\"http://127.0.0.1:8000/verify/email?expires=1685451024&signature=aWKeojQovaHssC3kdVo8XTIDgnwS%2FlfPthSPu5EiMjk%3D&token=X6gN%2FIKv9LtzLo5bYjeSaA3g39zh1q4%2F0p2Zt7L97oc%3D\\";s:19:\\"expiresAtMessageKey\\";s:26:\\"%count% hour|%count% hours\\";s:20:\\"expiresAtMessageData\\";a:1:{s:7:\\"%count%\\";i:1;}}i:3;a:6:{i:0;N;i:1;N;i:2;N;i:3;N;i:4;a:0:{}i:5;a:2:{i:0;O:37:\\"Symfony\\\\Component\\\\Mime\\\\Header\\\\Headers\\":2:{s:46:\\"\\0Symfony\\\\Component\\\\Mime\\\\Header\\\\Headers\\0headers\\";a:3:{s:4:\\"from\\";a:1:{i:0;O:47:\\"Symfony\\\\Component\\\\Mime\\\\Header\\\\MailboxListHeader\\":5:{s:50:\\"\\0Symfony\\\\Component\\\\Mime\\\\Header\\\\AbstractHeader\\0name\\";s:4:\\"From\\";s:56:\\"\\0Symfony\\\\Component\\\\Mime\\\\Header\\\\AbstractHeader\\0lineLength\\";i:76;s:50:\\"\\0Symfony\\\\Component\\\\Mime\\\\Header\\\\AbstractHeader\\0lang\\";N;s:53:\\"\\0Symfony\\\\Component\\\\Mime\\\\Header\\\\AbstractHeader\\0charset\\";s:5:\\"utf-8\\";s:58:\\"\\0Symfony\\\\Component\\\\Mime\\\\Header\\\\MailboxListHeader\\0addresses\\";a:1:{i:0;O:30:\\"Symfony\\\\Component\\\\Mime\\\\Address\\":2:{s:39:\\"\\0Symfony\\\\Component\\\\Mime\\\\Address\\0address\\";s:17:\\"admin@exemple.com\\";s:36:\\"\\0Symfony\\\\Component\\\\Mime\\\\Address\\0name\\";s:43:\\"Admin App Gestion des sessions de formation\\";}}}}s:2:\\"to\\";a:1:{i:0;O:47:\\"Symfony\\\\Component\\\\Mime\\\\Header\\\\MailboxListHeader\\":5:{s:50:\\"\\0Symfony\\\\Component\\\\Mime\\\\Header\\\\AbstractHeader\\0name\\";s:2:\\"To\\";s:56:\\"\\0Symfony\\\\Component\\\\Mime\\\\Header\\\\AbstractHeader\\0lineLength\\";i:76;s:50:\\"\\0Symfony\\\\Component\\\\Mime\\\\Header\\\\AbstractHeader\\0lang\\";N;s:53:\\"\\0Symfony\\\\Component\\\\Mime\\\\Header\\\\AbstractHeader\\0charset\\";s:5:\\"utf-8\\";s:58:\\"\\0Symfony\\\\Component\\\\Mime\\\\Header\\\\MailboxListHeader\\0addresses\\";a:1:{i:0;O:30:\\"Symfony\\\\Component\\\\Mime\\\\Address\\":2:{s:39:\\"\\0Symfony\\\\Component\\\\Mime\\\\Address\\0address\\";s:23:\\"utilisateur@exemple.com\\";s:36:\\"\\0Symfony\\\\Component\\\\Mime\\\\Address\\0name\\";s:0:\\"\\";}}}}s:7:\\"subject\\";a:1:{i:0;O:48:\\"Symfony\\\\Component\\\\Mime\\\\Header\\\\UnstructuredHeader\\":5:{s:50:\\"\\0Symfony\\\\Component\\\\Mime\\\\Header\\\\AbstractHeader\\0name\\";s:7:\\"Subject\\";s:56:\\"\\0Symfony\\\\Component\\\\Mime\\\\Header\\\\AbstractHeader\\0lineLength\\";i:76;s:50:\\"\\0Symfony\\\\Component\\\\Mime\\\\Header\\\\AbstractHeader\\0lang\\";N;s:53:\\"\\0Symfony\\\\Component\\\\Mime\\\\Header\\\\AbstractHeader\\0charset\\";s:5:\\"utf-8\\";s:55:\\"\\0Symfony\\\\Component\\\\Mime\\\\Header\\\\UnstructuredHeader\\0value\\";s:25:\\"Please Confirm your Email\\";}}}s:49:\\"\\0Symfony\\\\Component\\\\Mime\\\\Header\\\\Headers\\0lineLength\\";i:76;}i:1;N;}}}s:61:\\"\\0Symfony\\\\Component\\\\Mailer\\\\Messenger\\\\SendEmailMessage\\0envelope\\";N;}}', '[]', 'default', '2023-05-30 11:50:24', '2023-05-30 11:50:24', NULL),
	(2, 'O:36:\\"Symfony\\\\Component\\\\Messenger\\\\Envelope\\":2:{s:44:\\"\\0Symfony\\\\Component\\\\Messenger\\\\Envelope\\0stamps\\";a:1:{s:46:\\"Symfony\\\\Component\\\\Messenger\\\\Stamp\\\\BusNameStamp\\";a:1:{i:0;O:46:\\"Symfony\\\\Component\\\\Messenger\\\\Stamp\\\\BusNameStamp\\":1:{s:55:\\"\\0Symfony\\\\Component\\\\Messenger\\\\Stamp\\\\BusNameStamp\\0busName\\";s:21:\\"messenger.bus.default\\";}}}s:45:\\"\\0Symfony\\\\Component\\\\Messenger\\\\Envelope\\0message\\";O:51:\\"Symfony\\\\Component\\\\Mailer\\\\Messenger\\\\SendEmailMessage\\":2:{s:60:\\"\\0Symfony\\\\Component\\\\Mailer\\\\Messenger\\\\SendEmailMessage\\0message\\";O:39:\\"Symfony\\\\Bridge\\\\Twig\\\\Mime\\\\TemplatedEmail\\":4:{i:0;s:41:\\"registration/confirmation_email.html.twig\\";i:1;N;i:2;a:3:{s:9:\\"signedUrl\\";s:173:\\"http://127.0.0.1:8000/verify/email?expires=1685451619&signature=6X5t%2BSVJb%2B5f068rYWqnxbtwBVLViBpNae%2Bgn5C%2Fto0%3D&token=BXUtvbbrLDrB2y3%2FDzqgZM76YM4SQnEFkp1asjNYk5E%3D\\";s:19:\\"expiresAtMessageKey\\";s:26:\\"%count% hour|%count% hours\\";s:20:\\"expiresAtMessageData\\";a:1:{s:7:\\"%count%\\";i:1;}}i:3;a:6:{i:0;N;i:1;N;i:2;N;i:3;N;i:4;a:0:{}i:5;a:2:{i:0;O:37:\\"Symfony\\\\Component\\\\Mime\\\\Header\\\\Headers\\":2:{s:46:\\"\\0Symfony\\\\Component\\\\Mime\\\\Header\\\\Headers\\0headers\\";a:3:{s:4:\\"from\\";a:1:{i:0;O:47:\\"Symfony\\\\Component\\\\Mime\\\\Header\\\\MailboxListHeader\\":5:{s:50:\\"\\0Symfony\\\\Component\\\\Mime\\\\Header\\\\AbstractHeader\\0name\\";s:4:\\"From\\";s:56:\\"\\0Symfony\\\\Component\\\\Mime\\\\Header\\\\AbstractHeader\\0lineLength\\";i:76;s:50:\\"\\0Symfony\\\\Component\\\\Mime\\\\Header\\\\AbstractHeader\\0lang\\";N;s:53:\\"\\0Symfony\\\\Component\\\\Mime\\\\Header\\\\AbstractHeader\\0charset\\";s:5:\\"utf-8\\";s:58:\\"\\0Symfony\\\\Component\\\\Mime\\\\Header\\\\MailboxListHeader\\0addresses\\";a:1:{i:0;O:30:\\"Symfony\\\\Component\\\\Mime\\\\Address\\":2:{s:39:\\"\\0Symfony\\\\Component\\\\Mime\\\\Address\\0address\\";s:17:\\"admin@exemple.com\\";s:36:\\"\\0Symfony\\\\Component\\\\Mime\\\\Address\\0name\\";s:43:\\"Admin App Gestion des sessions de formation\\";}}}}s:2:\\"to\\";a:1:{i:0;O:47:\\"Symfony\\\\Component\\\\Mime\\\\Header\\\\MailboxListHeader\\":5:{s:50:\\"\\0Symfony\\\\Component\\\\Mime\\\\Header\\\\AbstractHeader\\0name\\";s:2:\\"To\\";s:56:\\"\\0Symfony\\\\Component\\\\Mime\\\\Header\\\\AbstractHeader\\0lineLength\\";i:76;s:50:\\"\\0Symfony\\\\Component\\\\Mime\\\\Header\\\\AbstractHeader\\0lang\\";N;s:53:\\"\\0Symfony\\\\Component\\\\Mime\\\\Header\\\\AbstractHeader\\0charset\\";s:5:\\"utf-8\\";s:58:\\"\\0Symfony\\\\Component\\\\Mime\\\\Header\\\\MailboxListHeader\\0addresses\\";a:1:{i:0;O:30:\\"Symfony\\\\Component\\\\Mime\\\\Address\\":2:{s:39:\\"\\0Symfony\\\\Component\\\\Mime\\\\Address\\0address\\";s:13:\\"test@test.com\\";s:36:\\"\\0Symfony\\\\Component\\\\Mime\\\\Address\\0name\\";s:0:\\"\\";}}}}s:7:\\"subject\\";a:1:{i:0;O:48:\\"Symfony\\\\Component\\\\Mime\\\\Header\\\\UnstructuredHeader\\":5:{s:50:\\"\\0Symfony\\\\Component\\\\Mime\\\\Header\\\\AbstractHeader\\0name\\";s:7:\\"Subject\\";s:56:\\"\\0Symfony\\\\Component\\\\Mime\\\\Header\\\\AbstractHeader\\0lineLength\\";i:76;s:50:\\"\\0Symfony\\\\Component\\\\Mime\\\\Header\\\\AbstractHeader\\0lang\\";N;s:53:\\"\\0Symfony\\\\Component\\\\Mime\\\\Header\\\\AbstractHeader\\0charset\\";s:5:\\"utf-8\\";s:55:\\"\\0Symfony\\\\Component\\\\Mime\\\\Header\\\\UnstructuredHeader\\0value\\";s:25:\\"Please Confirm your Email\\";}}}s:49:\\"\\0Symfony\\\\Component\\\\Mime\\\\Header\\\\Headers\\0lineLength\\";i:76;}i:1;N;}}}s:61:\\"\\0Symfony\\\\Component\\\\Mailer\\\\Messenger\\\\SendEmailMessage\\0envelope\\";N;}}', '[]', 'default', '2023-05-30 12:00:19', '2023-05-30 12:00:19', NULL),
	(3, 'O:36:\\"Symfony\\\\Component\\\\Messenger\\\\Envelope\\":2:{s:44:\\"\\0Symfony\\\\Component\\\\Messenger\\\\Envelope\\0stamps\\";a:1:{s:46:\\"Symfony\\\\Component\\\\Messenger\\\\Stamp\\\\BusNameStamp\\";a:1:{i:0;O:46:\\"Symfony\\\\Component\\\\Messenger\\\\Stamp\\\\BusNameStamp\\":1:{s:55:\\"\\0Symfony\\\\Component\\\\Messenger\\\\Stamp\\\\BusNameStamp\\0busName\\";s:21:\\"messenger.bus.default\\";}}}s:45:\\"\\0Symfony\\\\Component\\\\Messenger\\\\Envelope\\0message\\";O:51:\\"Symfony\\\\Component\\\\Mailer\\\\Messenger\\\\SendEmailMessage\\":2:{s:60:\\"\\0Symfony\\\\Component\\\\Mailer\\\\Messenger\\\\SendEmailMessage\\0message\\";O:39:\\"Symfony\\\\Bridge\\\\Twig\\\\Mime\\\\TemplatedEmail\\":4:{i:0;s:41:\\"registration/confirmation_email.html.twig\\";i:1;N;i:2;a:3:{s:9:\\"signedUrl\\";s:171:\\"http://127.0.0.1:8000/verify/email?expires=1685453719&signature=FpwhdGCRIJJ5U%2FfmJ8rhGjva6me8Lt%2B06qxUgYcV6AU%3D&token=OZqd7YDzcFxdok2cUoLU02L%2F3T5pEOgKE%2BnITDZmQCE%3D\\";s:19:\\"expiresAtMessageKey\\";s:26:\\"%count% hour|%count% hours\\";s:20:\\"expiresAtMessageData\\";a:1:{s:7:\\"%count%\\";i:1;}}i:3;a:6:{i:0;N;i:1;N;i:2;N;i:3;N;i:4;a:0:{}i:5;a:2:{i:0;O:37:\\"Symfony\\\\Component\\\\Mime\\\\Header\\\\Headers\\":2:{s:46:\\"\\0Symfony\\\\Component\\\\Mime\\\\Header\\\\Headers\\0headers\\";a:3:{s:4:\\"from\\";a:1:{i:0;O:47:\\"Symfony\\\\Component\\\\Mime\\\\Header\\\\MailboxListHeader\\":5:{s:50:\\"\\0Symfony\\\\Component\\\\Mime\\\\Header\\\\AbstractHeader\\0name\\";s:4:\\"From\\";s:56:\\"\\0Symfony\\\\Component\\\\Mime\\\\Header\\\\AbstractHeader\\0lineLength\\";i:76;s:50:\\"\\0Symfony\\\\Component\\\\Mime\\\\Header\\\\AbstractHeader\\0lang\\";N;s:53:\\"\\0Symfony\\\\Component\\\\Mime\\\\Header\\\\AbstractHeader\\0charset\\";s:5:\\"utf-8\\";s:58:\\"\\0Symfony\\\\Component\\\\Mime\\\\Header\\\\MailboxListHeader\\0addresses\\";a:1:{i:0;O:30:\\"Symfony\\\\Component\\\\Mime\\\\Address\\":2:{s:39:\\"\\0Symfony\\\\Component\\\\Mime\\\\Address\\0address\\";s:17:\\"admin@exemple.com\\";s:36:\\"\\0Symfony\\\\Component\\\\Mime\\\\Address\\0name\\";s:43:\\"Admin App Gestion des sessions de formation\\";}}}}s:2:\\"to\\";a:1:{i:0;O:47:\\"Symfony\\\\Component\\\\Mime\\\\Header\\\\MailboxListHeader\\":5:{s:50:\\"\\0Symfony\\\\Component\\\\Mime\\\\Header\\\\AbstractHeader\\0name\\";s:2:\\"To\\";s:56:\\"\\0Symfony\\\\Component\\\\Mime\\\\Header\\\\AbstractHeader\\0lineLength\\";i:76;s:50:\\"\\0Symfony\\\\Component\\\\Mime\\\\Header\\\\AbstractHeader\\0lang\\";N;s:53:\\"\\0Symfony\\\\Component\\\\Mime\\\\Header\\\\AbstractHeader\\0charset\\";s:5:\\"utf-8\\";s:58:\\"\\0Symfony\\\\Component\\\\Mime\\\\Header\\\\MailboxListHeader\\0addresses\\";a:1:{i:0;O:30:\\"Symfony\\\\Component\\\\Mime\\\\Address\\":2:{s:39:\\"\\0Symfony\\\\Component\\\\Mime\\\\Address\\0address\\";s:17:\\"admin@exemple.com\\";s:36:\\"\\0Symfony\\\\Component\\\\Mime\\\\Address\\0name\\";s:0:\\"\\";}}}}s:7:\\"subject\\";a:1:{i:0;O:48:\\"Symfony\\\\Component\\\\Mime\\\\Header\\\\UnstructuredHeader\\":5:{s:50:\\"\\0Symfony\\\\Component\\\\Mime\\\\Header\\\\AbstractHeader\\0name\\";s:7:\\"Subject\\";s:56:\\"\\0Symfony\\\\Component\\\\Mime\\\\Header\\\\AbstractHeader\\0lineLength\\";i:76;s:50:\\"\\0Symfony\\\\Component\\\\Mime\\\\Header\\\\AbstractHeader\\0lang\\";N;s:53:\\"\\0Symfony\\\\Component\\\\Mime\\\\Header\\\\AbstractHeader\\0charset\\";s:5:\\"utf-8\\";s:55:\\"\\0Symfony\\\\Component\\\\Mime\\\\Header\\\\UnstructuredHeader\\0value\\";s:25:\\"Please Confirm your Email\\";}}}s:49:\\"\\0Symfony\\\\Component\\\\Mime\\\\Header\\\\Headers\\0lineLength\\";i:76;}i:1;N;}}}s:61:\\"\\0Symfony\\\\Component\\\\Mailer\\\\Messenger\\\\SendEmailMessage\\0envelope\\";N;}}', '[]', 'default', '2023-05-30 12:35:19', '2023-05-30 12:35:19', NULL);

-- Listage de la structure de table projetsession. module
CREATE TABLE IF NOT EXISTS `module` (
  `id` int NOT NULL AUTO_INCREMENT,
  `categorie_id` int NOT NULL,
  `nom` varchar(100) CHARACTER SET utf8mb4 COLLATE utf8mb4_unicode_ci NOT NULL,
  PRIMARY KEY (`id`),
  KEY `IDX_C242628BCF5E72D` (`categorie_id`),
  CONSTRAINT `FK_C242628BCF5E72D` FOREIGN KEY (`categorie_id`) REFERENCES `categorie` (`id`)
) ENGINE=InnoDB AUTO_INCREMENT=9 DEFAULT CHARSET=utf8mb4 COLLATE=utf8mb4_unicode_ci;

-- Listage des données de la table projetsession.module : ~7 rows (environ)
INSERT INTO `module` (`id`, `categorie_id`, `nom`) VALUES
	(1, 16, 'Word'),
	(2, 16, 'Excel'),
	(3, 3, 'Gestion des conflits'),
	(4, 15, 'Solfège'),
	(5, 15, 'guitare'),
	(6, 16, 'Perfectionnement excel'),
	(7, 1, 'Initiation HTML5/CSS3');

-- Listage de la structure de table projetsession. programme
CREATE TABLE IF NOT EXISTS `programme` (
  `id` int NOT NULL AUTO_INCREMENT,
  `session_id` int NOT NULL,
  `module_id` int NOT NULL,
  `nb_jours` int NOT NULL,
  PRIMARY KEY (`id`),
  KEY `IDX_3DDCB9FF613FECDF` (`session_id`),
  KEY `IDX_3DDCB9FFAFC2B591` (`module_id`),
  CONSTRAINT `FK_3DDCB9FF613FECDF` FOREIGN KEY (`session_id`) REFERENCES `session` (`id`),
  CONSTRAINT `FK_3DDCB9FFAFC2B591` FOREIGN KEY (`module_id`) REFERENCES `module` (`id`)
) ENGINE=InnoDB AUTO_INCREMENT=38 DEFAULT CHARSET=utf8mb4 COLLATE=utf8mb4_unicode_ci;

-- Listage des données de la table projetsession.programme : ~9 rows (environ)
INSERT INTO `programme` (`id`, `session_id`, `module_id`, `nb_jours`) VALUES
	(17, 3, 5, 11),
	(18, 3, 4, 5),
	(27, 1, 7, 1),
	(28, 1, 6, 1),
	(32, 4, 2, 1),
	(33, 4, 5, 1),
	(34, 4, 3, 1),
	(35, 1, 1, 1),
	(37, 1, 2, 1);

-- Listage de la structure de table projetsession. session
CREATE TABLE IF NOT EXISTS `session` (
  `id` int NOT NULL AUTO_INCREMENT,
  `intitule_session` varchar(100) CHARACTER SET utf8mb4 COLLATE utf8mb4_unicode_ci NOT NULL,
  `date_debut` date NOT NULL,
  `date_fin` date NOT NULL,
  `nb_places` int NOT NULL,
  `formateur_id` int DEFAULT NULL,
  PRIMARY KEY (`id`),
  KEY `IDX_D044D5D4155D8F51` (`formateur_id`),
  CONSTRAINT `FK_D044D5D4155D8F51` FOREIGN KEY (`formateur_id`) REFERENCES `formateur` (`id`)
) ENGINE=InnoDB AUTO_INCREMENT=5 DEFAULT CHARSET=utf8mb4 COLLATE=utf8mb4_unicode_ci;

-- Listage des données de la table projetsession.session : ~3 rows (environ)
INSERT INTO `session` (`id`, `intitule_session`, `date_debut`, `date_fin`, `nb_places`, `formateur_id`) VALUES
	(1, 'Initiation à l\'informatique', '2023-04-03', '2023-07-31', 22, NULL),
	(3, 'guitare/couture', '2022-09-01', '2023-03-24', 18, NULL),
	(4, 'Dominer le monde, en seulement 3 jours!', '2023-06-01', '2023-06-03', 3, NULL);

-- Listage de la structure de table projetsession. stagiaire
CREATE TABLE IF NOT EXISTS `stagiaire` (
  `id` int NOT NULL AUTO_INCREMENT,
  `nom` varchar(50) CHARACTER SET utf8mb4 COLLATE utf8mb4_unicode_ci NOT NULL,
  `prenom` varchar(50) CHARACTER SET utf8mb4 COLLATE utf8mb4_unicode_ci NOT NULL,
  `sexe` varchar(1) CHARACTER SET utf8mb4 COLLATE utf8mb4_unicode_ci NOT NULL,
  `date_naissance` date NOT NULL,
  `ville` varchar(50) CHARACTER SET utf8mb4 COLLATE utf8mb4_unicode_ci NOT NULL,
  `email` varchar(100) CHARACTER SET utf8mb4 COLLATE utf8mb4_unicode_ci NOT NULL,
  `tel` varchar(13) CHARACTER SET utf8mb4 COLLATE utf8mb4_unicode_ci NOT NULL,
  PRIMARY KEY (`id`)
) ENGINE=InnoDB AUTO_INCREMENT=9 DEFAULT CHARSET=utf8mb4 COLLATE=utf8mb4_unicode_ci;

-- Listage des données de la table projetsession.stagiaire : ~5 rows (environ)
INSERT INTO `stagiaire` (`id`, `nom`, `prenom`, `sexe`, `date_naissance`, `ville`, `email`, `tel`) VALUES
	(1, 'Dupont', 'Jean', 'M', '2000-01-01', 'Strasbourg', 'jean.dupont@gmail.com', '0636656565'),
	(2, 'Richert', 'Jean-Noël', 'M', '1989-12-24', 'Strasbourg', 'jn@exemple.fr', '0601020304'),
	(3, 'Meyer', 'Micheline', 'F', '1994-08-15', 'Colmar', 'micheline@exemple.fr', '0388010203'),
	(4, 'Dupont', 'Daniel', 'M', '2023-05-24', 'Test', 'dada@exemple.fr', '0608090506'),
	(6, 'Larousse', 'Robert', 'M', '1978-06-05', 'Haguenau', 'jean.dupont@gmail.com', '0388565656');

-- Listage de la structure de table projetsession. stagiaire_session
CREATE TABLE IF NOT EXISTS `stagiaire_session` (
  `stagiaire_id` int NOT NULL,
  `session_id` int NOT NULL,
  PRIMARY KEY (`stagiaire_id`,`session_id`),
  KEY `IDX_D32D02D4BBA93DD6` (`stagiaire_id`),
  KEY `IDX_D32D02D4613FECDF` (`session_id`),
  CONSTRAINT `FK_D32D02D4613FECDF` FOREIGN KEY (`session_id`) REFERENCES `session` (`id`) ON DELETE CASCADE,
  CONSTRAINT `FK_D32D02D4BBA93DD6` FOREIGN KEY (`stagiaire_id`) REFERENCES `stagiaire` (`id`) ON DELETE CASCADE
) ENGINE=InnoDB DEFAULT CHARSET=utf8mb4 COLLATE=utf8mb4_unicode_ci;

-- Listage des données de la table projetsession.stagiaire_session : ~7 rows (environ)
INSERT INTO `stagiaire_session` (`stagiaire_id`, `session_id`) VALUES
	(1, 1),
	(1, 3),
	(1, 4),
	(2, 4),
	(3, 1),
	(4, 1),
	(4, 4);

-- Listage de la structure de table projetsession. user
CREATE TABLE IF NOT EXISTS `user` (
  `id` int NOT NULL AUTO_INCREMENT,
  `email` varchar(180) CHARACTER SET utf8mb4 COLLATE utf8mb4_unicode_ci NOT NULL,
  `roles` json NOT NULL,
  `password` varchar(255) CHARACTER SET utf8mb4 COLLATE utf8mb4_unicode_ci NOT NULL,
  `is_verified` tinyint(1) NOT NULL,
  `nom` varchar(50) CHARACTER SET utf8mb4 COLLATE utf8mb4_unicode_ci NOT NULL,
  `prenom` varchar(50) CHARACTER SET utf8mb4 COLLATE utf8mb4_unicode_ci NOT NULL,
  PRIMARY KEY (`id`),
  UNIQUE KEY `UNIQ_8D93D649E7927C74` (`email`)
) ENGINE=InnoDB AUTO_INCREMENT=6 DEFAULT CHARSET=utf8mb4 COLLATE=utf8mb4_unicode_ci;

-- Listage des données de la table projetsession.user : ~3 rows (environ)
INSERT INTO `user` (`id`, `email`, `roles`, `password`, `is_verified`, `nom`, `prenom`) VALUES
	(1, 'utilisateur@exemple.com', '[]', '$2y$13$gCFdSyZw550.3BOuzcSdBe13RDWY2MkEN5MNZ8d6Fz.ybxOk4a.e2', 1, 'Utilisateur', 'Application'),
	(3, 'admin@exemple.com', '["ROLE_ADMIN"]', '$2y$13$HobdMGcDKz9xP5vTFFOpj.JiWDqzvfEuS8FhO3EmwA6eV6PD7l5.u', 1, 'Richert', 'Jean-Noël'),
	(5, 'test@ex.com', '[]', '$2y$13$CeA45o6W21Fr91YlF/I62uXYt6N/EgIh2ITwTrr/aZF5rJlcPrKRW', 1, 'test', 'test');

/*!40103 SET TIME_ZONE=IFNULL(@OLD_TIME_ZONE, 'system') */;
/*!40101 SET SQL_MODE=IFNULL(@OLD_SQL_MODE, '') */;
/*!40014 SET FOREIGN_KEY_CHECKS=IFNULL(@OLD_FOREIGN_KEY_CHECKS, 1) */;
/*!40101 SET CHARACTER_SET_CLIENT=@OLD_CHARACTER_SET_CLIENT */;
/*!40111 SET SQL_NOTES=IFNULL(@OLD_SQL_NOTES, 1) */;
